,ID,filename,Canonical SMILES,PubChem ID
0,Mol_009,Mol_009.xyz,FS(=O)(=O)c1c([H])c(C(=O)N([H])C([H])(C([H])([H])C([H])([H])[H])C([H])([H])C([H])([H])[H])nn1[H],167815771
1,Mol_010,Mol_010.xyz,FS(=O)(=O)c1c([H])c(C(=O)N([H])C([H])([H])C([H])([H])C(C([H])([H])[H])(C([H])([H])[H])C([H])([H])[H])nn1[H],167984499
2,Mol_011,Mol_011.xyz,FS(=O)(=O)c1c([H])c(C(=O)N2C([H])([H])C([H])([H])OC([H])([H])C2(C([H])([H])[H])C([H])([H])[H])nn1[H],167815953
3,Mol_012,Mol_012.xyz,FS(=O)(=O)c1c([H])c(C(=O)N([H])C([H])([H])C2([H])C([H])([H])C([H])([H])C2([H])[H])nn1[H],167813077
4,Mol_013,Mol_013.xyz,FS(=O)(=O)c1c([H])c(C(=O)N2C([H])([H])C([H])([H])N(c3nc([H])c([H])c([H])c3[H])C([H])([H])C2([H])[H])nn1[H],167930215
5,Mol_014,Mol_014.xyz,FS(=O)(=O)c1c([H])c(C(=O)N(C([H])([H])C([H])([H])[H])C([H])([H])C([H])([H])C([H])([H])C([H])([H])[H])nn1[H],167746392
6,Mol_015,Mol_015.xyz,CC1C2=C(CCN1/C=C/S(=O)(=O)F)SC=C2,167957953
7,Mol_016,Mol_016.xyz,C1CN(CCN1/C=C/S(=O)(=O)F)C2=CC=CC=C2O,167786397
8,Mol_017,Mol_017.xyz,FS(=O)(=O)C([H])([H])C([H])([H])Oc1c([H])c([H])c([H])c2c1OC([H])([H])O2,167851943
9,Mol_018,Mol_018.xyz,C1CC[C@H]([C@H](C1)C#N)S(=O)(=O)F,167716307
10,Mol_019,Mol_019.xyz,FS(=O)(=O)c1c([H])c(C(=O)N([H])C([H])([H])C([H])([H])C([H])([H])C([H])([H])[H])nn1[H],167871200
11,Mol_020,Mol_020.xyz,FS(=O)(=O)c1c([H])c(C(=O)N(C([H])([H])C([H])([H])C([H])([H])[H])C([H])([H])C([H])([H])C([H])([H])[H])nn1[H],167752130
12,Mol_021,Mol_021.xyz,FS(=O)(=O)c1c([H])c(C(=O)N(C([H])([H])[H])C([H])(C([H])([H])[H])C([H])([H])[H])nn1[H],167844163
13,Mol_022,Mol_022.xyz,FS(=O)(=O)c1c([H])nc(N2C([H])([H])C([H])([H])N([H])C(=O)C2([H])C([H])(C([H])([H])[H])C([H])([H])[H])nc1[H],167946071
14,Mol_023,Mol_023.xyz,FS(=O)(=O)c1c([H])c(C(=O)N(C([H])([H])[H])C([H])([H])[H])n([H])c1[H],165922525
15,Mol_024,Mol_024.xyz,FS(=O)(=O)c1c([H])c(C(=O)N([H])C([H])(c2noc([H])n2)C([H])(C([H])([H])[H])C([H])([H])[H])n([H])c1[H],132396214
16,Mol_025,Mol_025.xyz,FS(=O)(=O)c1c([H])nn(C([H])([H])c2c([H])c([H])c(Cl)c([H])c2[H])c1[H],165899288
17,Mol_026,Mol_026.xyz,FS(=O)(=O)c1c([H])c([H])c(-n2nc([H])c([H])n2)c([H])c1[H],165905887
18,Mol_027,Mol_027.xyz,FS(=O)(=O)c1c([H])c([H])c([H])c2c(C([H])([H])[H])nc([H])c([H])c12,165905740
19,Mol_028,Mol_028.xyz,FS(=O)(=O)c1c([H])nc([H])c([H])c1Cl,139593201
20,Mol_029,Mol_029.xyz,[H]Cl.[H]c1c([H])c(S(=O)(=O)F)c([H])c([H])c1C1([H])C([H])([H])C([H])([H])N([H])C([H])([H])C1([H])[H],167730040
21,Mol_030,Mol_030.xyz,FS(=O)(=O)c1nc(C(=O)OC([H])([H])[H])c([H])o1,167728397
22,Mol_031,Mol_031.xyz,FS(=O)(=O)C1([H])C([H])([H])N(C(=O)c2c([H])c([H])c([H])c(OC([H])([H])[H])c2[N+](=O)[O-])C([H])([H])C1([H])[H],167929029
23,Mol_032,Mol_032.xyz,FS(=O)(=O)c1oc2c([H])c([H])c(Br)c([H])c2c1[H],155820979
24,Mol_033,Mol_033.xyz,FS(=O)(=O)C1([H])C([H])([H])N(C(=O)[C@@]([H])(O[H])c2c([H])c([H])c([H])c([H])c2[H])C([H])([H])C1([H])[H],167789966
25,Mol_034,Mol_034.xyz,FS(=O)(=O)C([H])([H])C1([H])C([H])([H])C([H])([H])N(C(=O)C([H])([H])C([H])([H])Oc2c([H])c([H])c([H])c([H])c2[H])C([H])([H])C1([H])[H],167899076
26,Mol_035,Mol_035.xyz,FS(=O)(=O)c1nc([H])c(N2C([H])([H])C([H])([H])C([H])([H])C([H])([H])C([H])([H])C2([H])[H])c([H])c1Br,167852407
27,Mol_036,Mol_036.xyz,FS(=O)(=O)c1nc([H])c([H])c(N2C([H])([H])C([H])([H])C([H])([H])C([H])([H])C([H])([H])C2([H])[H])c1[H],167863752
28,Mol_037,Mol_037.xyz,FS(=O)(=O)c1nc([H])c(N([H])C2([H])C([H])([H])C([H])([H])OC([H])([H])C2([H])[H])c([H])c1Br,167884923
29,Mol_038,Mol_038.xyz,FS(=O)(=O)c1nc([H])c([H])c(N([H])C2([H])C([H])([H])C([H])([H])OC([H])([H])C2([H])[H])c1[H],167968340
30,Mol_039,Mol_039.xyz,FS(=O)(=O)c1nc([H])c(N2C([H])([H])C([H])([H])OC([H])([H])C2([H])[H])c([H])c1Br,167849855
31,Mol_040,Mol_040.xyz,FS(=O)(=O)c1nc([H])c([H])c(N2C([H])([H])C([H])([H])OC([H])([H])C2([H])[H])c1[H],167924863
32,Mol_041,Mol_041.xyz,FS(=O)(=O)c1nc([H])c(N2C([H])([H])C([H])([H])[C@]([H])(O[H])C2([H])[H])c([H])c1Br,167756242
33,Mol_042,Mol_042.xyz,FS(=O)(=O)C([H])([H])C([H])([H])C1([H])OC([H])([H])C1([H])[H],167731355
34,Mol_043,Mol_043.xyz,C#CC1=CC(=CC=C1)S(=O)(=O)F,145421196
35,Mol_044,Mol_044.xyz,FS(=O)(=O)C([H])([H])C([H])([H])N1c2c([H])c([H])c([H])c([H])c2C([H])([H])C([H])([H])C1([H])[H],155926239
36,Mol_045,Mol_045.xyz,FS(=O)(=O)C1([H])C([H])([H])N(C(=O)C([H])([H])Oc2c([H])c([H])c(Cl)c([H])c2C([H])([H])[H])C1([H])[H],167892924
37,Mol_046,Mol_046.xyz,FS(=O)(=O)C1([H])C([H])([H])N(C(=O)C([H])([H])c2c([H])c(OC([H])([H])[H])c([H])c([H])c2OC([H])([H])[H])C1([H])[H],167927233
38,Mol_047,Mol_047.xyz,FS(=O)(=O)C([H])([H])C1([H])C([H])([H])C([H])([H])N(C(=O)c2c([H])c([H])c([H])c3c2C([H])([H])C([H])([H])C([H])([H])C3([H])[H])C([H])([H])C1([H])[H],167949965
39,Mol_048,Mol_048.xyz,FS(=O)(=O)C([H])([H])C1([H])C([H])([H])C([H])([H])N(C(=O)c2c([H])c([H])c([H])c3c2OC([H])([H])C([H])([H])O3)C([H])([H])C1([H])[H],167762911
40,Mol_049,Mol_049.xyz,FS(=O)(=O)C([H])([H])C1([H])C([H])([H])C([H])([H])N(C(=O)C2([H])C([H])([H])Oc3c([H])c([H])c([H])c([H])c3C2([H])[H])C([H])([H])C1([H])[H],167884170
41,Mol_050,Mol_050.xyz,FS(=O)(=O)C1([H])C([H])([H])N(C(=O)C([H])([H])c2c([H])c([H])c(Cl)c([H])c2[H])C([H])([H])C1([H])[H],167764131
42,Mol_051,Mol_051.xyz,FS(=O)(=O)C1([H])C([H])([H])N(C(=O)c2c([H])c([H])c(C([H])([H])[H])c(C([H])([H])[H])c2[H])C([H])([H])C1([H])[H],167944933
43,Mol_052,Mol_052.xyz,FS(=O)(=O)c1c([H])c(C(=O)O[H])c([H])c2c1OC([H])([H])C2([H])[H],167734323
44,Mol_053,Mol_053.xyz,C1CC[C@H]([C@H](C1)C#N)S(=O)(=O)F,167716307
45,Mol_054,Mol_054.xyz,FS(=O)(=O)c1c([H])c([H])c([H])c2c(Cl)c([H])c(C([H])([H])[H])nc12,165904532
46,Mol_055,Mol_055.xyz,FS(=O)(=O)c1c([H])nc(N([H])C2([H])C([H])([H])OC([H])([H])C2([H])[H])c([H])c1[H],167826279
47,Mol_056,Mol_056.xyz,FS(=O)(=O)c1c([H])nc(N2C([H])([H])C([H])([H])[C@]([H])(O[H])C2([H])[H])c([H])c1[H],167851581
48,Mol_057,Mol_057.xyz,FS(=O)(=O)c1c([H])nc(N2C([H])([H])C([H])([H])OC([H])([H])C2([H])[H])c([H])c1[H],167752229
49,Mol_058,Mol_058.xyz,FS(=O)(=O)c1c([H])nc(N2C([H])([H])C([H])([H])C([H])([H])C([H])([H])C([H])([H])C2([H])[H])c([H])c1[H],167911485
50,Mol_059,Mol_059.xyz,FS(=O)(=O)c1c([H])c([H])c(C(=O)Oc2c([H])c([H])c3c(c2[H])OC(=O)C([H])([H])C3([H])C([H])([H])[H])c([H])c1Cl,167916132
51,Mol_060,Mol_060.xyz,FS(=O)(=O)c1c([H])c([H])c(OC([H])([H])[H])c(C(=O)N2C([H])([H])C([H])([H])C([H])([H])[C@@]2([H])C([H])([H])C([H])([H])C(=O)O[H])c1[H],167842729
52,Mol_061,Mol_061.xyz,FS(=O)(=O)c1c([H])c([H])c(C(=O)OC([H])([H])c2c([H])c([H])c([H])c([N+](=O)[O-])c2[H])c([H])c1Cl,167795767
53,Mol_062,Mol_062.xyz,FS(=O)(=O)c1c([H])c([H])c([H])c(C(=O)N2C([H])([H])C([H])([H])C3(C([H])([H])C2([H])[H])C([H])([H])C([H])([H])C([H])(C(=O)O[H])C([H])([H])C3([H])[H])c1[H],167810823
54,Mol_063,Mol_063.xyz,FS(=O)(=O)c1c([H])c([H])c(C(=O)O[H])c(O[H])c1[H],15124193
55,Mol_064,Mol_064.xyz,FS(=O)(=O)c1c([H])c([H])c(OC([H])([H])C(=O)O[H])c([H])c1[H],23274144
56,Mol_065,Mol_065.xyz,FS(=O)(=O)c1c([H])c([H])c(C([H])([H])[C@@]([H])(C(=O)O[H])N([H])C(=O)OC(C([H])([H])[H])(C([H])([H])[H])C([H])([H])[H])c([H])c1[H],167732564
57,Mol_066,Mol_066.xyz,FS(=O)(=O)c1nnc(N2C([H])([H])C([H])([H])C([H])(C([H])([H])C(C([H])([H])[H])(C([H])([H])[H])C([H])([H])[H])C2([H])[H])c([H])c1[H],167950903
58,Mol_067,Mol_067.xyz,FS(=O)(=O)c1nnc(N([H])C([H])([H])C([H])([H])c2sc(C([H])([H])[H])nc2C([H])([H])[H])c([H])c1[H],167750961
59,Mol_068,Mol_068.xyz,FS(=O)(=O)c1nnc(N([H])C([H])(C([H])([H])c2c([H])c([H])c([H])c([H])c2[H])C2([H])C([H])([H])C2([H])[H])c([H])c1[H],167843891
60,Mol_069,Mol_069.xyz,FS(=O)(=O)c1nc([H])c([H])c(Br)c1N1C([H])([H])C([H])([H])OC([H])([H])C1([H])[H],167752964
61,Mol_070,Mol_070.xyz,FS(=O)(=O)c1nc([H])c([H])c(Br)c1N1C([H])([H])C([H])([H])C([H])([H])C([H])([H])C([H])([H])C1([H])[H],167989301
62,Mol_071,Mol_071.xyz,FS(=O)(=O)c1nc(N([H])C2([H])C([H])([H])C([H])([H])OC([H])([H])C2([H])[H])c([H])c([H])c1[H],167966368
63,Mol_072,Mol_072.xyz,FS(=O)(=O)c1c([H])nc([H])c([H])c1N1C([H])([H])C([H])([H])C([H])([H])C([H])([H])C([H])([H])C1([H])[H],167914592
64,Mol_073,Mol_073.xyz,FS(=O)(=O)c1nc(N2C([H])([H])C([H])([H])C([H])([H])C([H])([H])C([H])([H])C2([H])[H])c([H])c([H])c1[H],167783993
65,Mol_074,Mol_074.xyz,FS(=O)(=O)c1c([H])c([H])c(OC([H])([H])[H])c(C(=O)N2C([H])([H])[C@@]([H])(C([H])([H])[H])[C@]([H])(C([H])([H])C(=O)O[H])C2([H])[H])c1[H],167958670
66,Mol_075,Mol_075.xyz,FS(=O)(=O)c1c([H])c([H])c(C(=O)OC([H])([H])c2c([H])c([H])c(C([H])([H])[H])c([N+](=O)[O-])c2[H])c([H])c1Cl,167962329
67,Mol_076,Mol_076.xyz,FS(=O)(=O)c1c([H])c([H])c(C([H])([H])S(=O)(=O)C2([H])C([H])([H])C([H])([H])C2([H])[H])c([H])c1[H],167748529
68,Mol_077,Mol_077.xyz,FS(=O)(=O)c1c([H])c([H])c([H])c(S(=O)(=O)N([H])c2c([H])c(Br)c(C([H])([H])[H])c(C(=O)O[H])c2[H])c1[H],167823245
69,Mol_078,Mol_078.xyz,FS(=O)(=O)c1c([H])c([H])c(S(=O)(=O)N([H])c2c([H])c(Br)c(C([H])([H])[H])c(C(=O)O[H])c2[H])c([H])c1[H],167814893
70,Mol_079,Mol_079.xyz,FS(=O)(=O)c1c([H])nc(N2C([H])([H])C([H])([H])OC([H])([H])C2([H])[H])c(Cl)c1[H],167779808
71,Mol_080,Mol_080.xyz,FS(=O)(=O)c1c([H])nc(N2C([H])([H])C([H])([H])[C@]([H])(O[H])C2([H])[H])c(Cl)c1[H],167939382
72,Mol_081,Mol_081.xyz,FS(=O)(=O)c1c([H])nc(N2C([H])([H])C([H])([H])C([H])([H])C([H])([H])C([H])([H])C2([H])[H])c(Cl)c1[H],167947837
73,Mol_082,Mol_082.xyz,FS(=O)(=O)c1c([H])nc(N([H])C2([H])C([H])([H])OC([H])([H])C2([H])[H])c(Cl)c1[H],167956325
74,Mol_083,Mol_083.xyz,FS(=O)(=O)c1c([H])c([H])c(C(=O)N([H])[C@]2([H])C([H])([H])C([H])([H])C([H])([H])[C@]([H])(C(=O)O[H])C2([H])[H])c([H])c1Cl,167879757
75,Mol_084,Mol_084.xyz,FS(=O)(=O)c1sc2c(Br)c([H])c([H])c([H])c2c1C([H])([H])[H],165983412
76,Mol_085,Mol_085.xyz,FS(=O)(=O)c1c([H])c([H])c([H])c(S(=O)(=O)N([H])c2c([H])c([H])c([H])c([H])c2-c2nc3c([H])c([H])c([H])c([H])c3n2[H])c1[H],167747734
77,Mol_086,Mol_086.xyz,FS(=O)(=O)c1c([H])c([H])c(N([H])C(=O)C([H])([H])c2c(C([H])([H])[H])nn(C([H])([H])C3([H])C([H])([H])C3([H])[H])c2C([H])([H])[H])c([H])c1[H],167854924
78,Mol_087,Mol_087.xyz,FS(=O)(=O)c1c([H])c([H])c([H])c(S(=O)(=O)N([H])N([H])C(=O)c2c([H])c([H])c([H])c([H])c2[H])c1[H],167882948
79,Mol_088,Mol_088.xyz,FS(=O)(=O)c1c([H])c([H])c(N([H])C(=O)C([H])([H])C([H])([H])c2nc(-c3c([H])c([H])c(OC([H])([H])[H])c([H])c3[H])no2)c([H])c1[H],167940649
80,Mol_089,Mol_089.xyz,FS(=O)(=O)c1c([H])c([H])c(N([H])C(=O)C([H])([H])C([H])([H])C([H])([H])Oc2c([H])c([H])c([H])c([H])c2[H])c([H])c1[H],167982796
81,Mol_090,Mol_090.xyz,FS(=O)(=O)c1c([H])c([H])c([H])c(N([H])C(=O)C([H])([H])N2C(=O)N([H])C(c3c([H])c([H])c(OC([H])([H])[H])c([H])c3[H])(C([H])([H])[H])C2=O)c1[H],167884897
82,Mol_091,Mol_091.xyz,FS(=O)(=O)c1c([H])c([H])c([H])c(N([H])C(=O)c2sc([H])c([H])c2S(=O)(=O)N2C([H])([H])C([H])([H])OC([H])([H])C2([H])[H])c1[H],167938938
83,Mol_092,Mol_092.xyz,FS(=O)(=O)c1c([H])c([H])c([H])c(N([H])C(=O)C([H])([H])Oc2c([H])c([H])c([H])c(N([H])C(=O)c3oc([H])c([H])c3[H])c2[H])c1[H],167771590
84,Mol_093,Mol_093.xyz,FS(=O)(=O)c1c([H])c([H])c([H])c(N([H])S(=O)(=O)c2c([H])c([H])c(C([H])([H])[H])c(OC([H])([H])C(=O)O[H])c2C([H])([H])[H])c1[H],167800373
85,Mol_094,Mol_094.xyz,FS(=O)(=O)c1c([H])nc([H])c(N2C([H])([H])C([H])([H])N(C(=O)OC(C([H])([H])[H])(C([H])([H])[H])C([H])([H])[H])C([H])([H])C2([H])[H])c1[H],167717399
86,Mol_095,Mol_095.xyz,FS(=O)(=O)c1c([H])c(Cl)c(N([H])[H])c([H])c1OC([H])([H])[H],167715393
87,Mol_096,Mol_096.xyz,FS(=O)(=O)c1c([H])c([H])c(-c2c([H])nc([H])c([H])c2[H])c([H])c1[H],167924879
88,Mol_097,Mol_097.xyz,[H]Cl.[H]c1c([H])c([H])c(S(=O)(=O)F)c(-c2c([H])c([H])c([H])c(C([H])([H])N([H])C3([H])C([H])([H])C([H])([H])OC([H])([H])C3([H])[H])c2[H])c1[H],167986568
89,Mol_098,Mol_098.xyz,FS(=O)(=O)C([H])([H])c1c([H])c([H])c([H])c2c([H])c([H])c([H])c([H])c12,151506364
90,Mol_099,Mol_099.xyz,[H]Cl.[H]c1nn2c(c1-c1c([H])c([H])c(S(=O)(=O)F)c([H])c1[H])C([H])([H])N([H])C([H])([H])C2([H])[H],167913052
91,Mol_100,Mol_100.xyz,[H]Cl.[H]c1c([H])c(S(=O)(=O)F)c([H])c([H])c1-n1nnc(C([H])([H])C([H])([H])C2([H])N([H])C([H])([H])C([H])([H])C2([H])[H])c1[H],167906383
92,Mol_101,Mol_101.xyz,FS(=O)(=O)c1c([H])c([H])c(-n2nnc(C([H])([H])N([H])C([H])([H])C([H])([H])OC([H])([H])[H])c2[H])c([H])c1[H],167980332
93,Mol_102,Mol_102.xyz,[H]Cl.[H]c1c([H])c(S(=O)(=O)F)c([H])c([H])c1-n1nnc(C([H])([H])N([H])C2([H])C([H])([H])C2([H])[H])c1[H],167977022
94,Mol_103,Mol_103.xyz,[H]Cl.[H]c1c([H])c(-n2nnc(C([H])([H])N([H])C3([H])C([H])([H])C([H])([H])OC([H])([H])C3([H])[H])c2[H])c([H])c(S(=O)(=O)F)c1[H],167865228
95,Mol_104,Mol_104.xyz,FS(=O)(=O)c1sc(C([H])([H])C([H])([H])N([H])C(=O)OC(C([H])([H])[H])(C([H])([H])[H])C([H])([H])[H])c([H])c1[H],166000734
96,Mol_105,Mol_105.xyz,FS(=O)(=O)c1c2c([H])c(Br)c([H])c([H])c2nn1C([H])([H])[H],166432675
97,Mol_106,Mol_106.xyz,FS(=O)(=O)c1c([H])c([H])c2c(c1[H])C([H])([H])C([H])([H])C([H])(C(=O)O[H])O2,167727752
98,Mol_107,Mol_107.xyz,FS(=O)(=O)c1c([H])nc(Cl)c(OC([H])([H])[H])c1[H],165460558
99,Mol_108,Mol_108.xyz,FS(=O)(=O)c1c([H])c(C(=O)N2C([H])([H])C([H])([H])C([H])([H])C2([H])c2nc(-c3c([H])c([H])c([H])c([H])c3[H])c(C([H])(C([H])([H])[H])C([H])([H])[H])o2)n([H])c1[H],167903704
100,Mol_128,Mol_128.xyz,FS(=O)(=O)c1c([H])c([H])c(N([H])C(=O)c2nnn(C([H])([H])C(=O)N([H])[H])c2[H])c([H])c1[H],167951134
101,Mol_131,Mol_131.xyz,FS(=O)(=O)C1([H])c2c([H])c([H])c(Br)c([H])c2OC([H])([H])C1([H])[H],167721634
102,Mol_132,Mol_132.xyz,FS(=O)(=O)C([H])(c1c([H])c([H])c([H])c(Br)c1[H])C([H])([H])[H],165745904
103,Mol_133,Mol_133.xyz,FS(=O)(=O)c1sc(C(=O)O[H])c([H])c1[H],165459078
104,Mol_138,Mol_138.xyz,FS(=O)(=O)C(c1c([H])c([H])c([H])c([H])c1[H])(C([H])([H])[H])C([H])([H])[H],165622309
105,Mol_139,Mol_139.xyz,[H]Cl.[H]c1c([H])c(N2C([H])([H])C([H])([H])N([H])C([H])([H])C2([H])[H])c([H])c(S(=O)(=O)F)c1[H],166000810
106,Mol_141,Mol_141.xyz,FS(=O)(=O)c1c([H])nc(O[H])c(Br)c1[H],166000288
107,Mol_142,Mol_142.xyz,FS(=O)(=O)C([H])([H])C([H])([H])C(=O)C1([H])C([H])([H])C1([H])[H],166000993
108,Mol_145,Mol_145.xyz,FS(=O)(=O)c1c([H])c([H])c([H])c2c(Cl)c([H])c([H])nc12,165840424
109,Mol_148,Mol_148.xyz,FS(=O)(=O)c1c([H])c([H])c(N2C([H])([H])C([H])([H])N(C([H])([H])[H])C([H])([H])C2([H])[H])c([H])c1[H],167727767
110,Mol_152,Mol_152.xyz,FS(=O)(=O)c1sc(C([H])([H])N([H])C(=O)OC(C([H])([H])[H])(C([H])([H])[H])C([H])([H])[H])c([H])c1[H],165993972
111,Mol_153,Mol_153.xyz,FS(=O)(=O)C1([H])c2c([H])c(Br)c([H])c([H])c2OC([H])([H])C1([H])[H],165869313
112,Mol_154,Mol_154.xyz,FS(=O)(=O)c1c([H])c([H])c(Oc2c([H])c([H])c(C(=O)O[H])c([H])c2[H])c([H])c1[H],166000015
113,Mol_156,Mol_156.xyz,FS(=O)(=O)c1c([H])n([H])c2c([H])c(Br)c([H])c([H])c12,165839955
114,Mol_157,Mol_157.xyz,FS(=O)(=O)[C@]1([H])C([H])([H])[C@@]2([H])N(C([H])([H])[H])C(=O)C([H])=C([H])[C@]21[H],165993533
115,Mol_158,Mol_158.xyz,FS(=O)(=O)c1c([H])c([H])c([H])c(OC([H])([H])[H])c1N([H])[H],165675767
116,Mol_159,Mol_159.xyz,FS(=O)(=O)c1c(Cl)oc(C(=O)O[H])c1[H],165921811
117,Mol_160,Mol_160.xyz,FS(=O)(=O)c1c(C([H])([H])[H])c([H])nn1C([H])([H])OC([H])([H])[H],165891002
118,Mol_163,Mol_163.xyz,FS(=O)(=O)c1c([H])c([H])c([H])c(Br)c1N([H])[H],165948479
119,Mol_164,Mol_164.xyz,FS(=O)(=O)c1c([H])c([H])c(Oc2c([H])c([H])c([H])c(C(=O)O[H])c2[H])c([H])c1[H],165948743
120,Mol_165,Mol_165.xyz,FS(=O)(=O)c1c([H])c([H])c([H])c(Br)c1[N+](=O)[O-],165900090
121,Mol_166,Mol_166.xyz,FS(=O)(=O)c1sc([H])c(C(=O)O[H])c1[H],165461246
122,Mol_168,Mol_168.xyz,FS(=O)(=O)c1c([H])c([H])c([H])c(OC([H])([H])[H])c1[N+](=O)[O-],165654083
123,Mol_169,Mol_169.xyz,[H]Cl.[H]N1C([H])([H])C([H])([H])C([H])([H])C([H])([H])C([H])(S(=O)(=O)F)C1([H])[H],165819838
124,Mol_171,Mol_171.xyz,FS(=O)(=O)C([H])([H])C12C([H])([H])C([H])([H])C([H])(C([H])([H])C1([H])[H])C([H])([H])C2([H])[H],165453304
125,Mol_174,Mol_174.xyz,FS(=O)(=O)C([H])([H])C([H])([H])C(=O)c1c([H])c([H])c([H])c([H])c1[H],165878979
126,Mol_175,Mol_175.xyz,FS(=O)(=O)C([H])([H])C([H])([H])C1([N+](=O)[O-])C([H])([H])C([H])([H])C1([H])[H],165802528
127,Mol_176,Mol_176.xyz,FS(=O)(=O)c1c([H])c(C(=O)O[H])c([H])c([H])c1N([H])[H],165512633
128,Mol_177,Mol_177.xyz,FS(=O)(=O)c1c([H])c([H])c(C(=O)O[H])c([H])c1N([H])[H],165562969
129,Mol_178,Mol_178.xyz,[H]Cl.[H]N1C([H])([H])C([H])([H])C([H])([H])C1([H])C([H])([H])S(=O)(=O)F,165750927
130,Mol_179,Mol_179.xyz,FS(=O)(=O)c1c([H])c([H])c(N([H])[H])c2c([H])c([H])c([H])c([H])c12,87067450
131,Mol_180,Mol_180.xyz,FS(=O)(=O)c1c([H])c([H])c([N+](=O)[O-])c([H])c1[H],188246
132,Mol_181,Mol_181.xyz,FS(=O)(=O)C([H])(c1c([H])c([H])c([H])c([H])c1[H])C([H])([H])C([H])([H])C([H])([H])C([H])([H])[H],165505831
133,Mol_182,Mol_182.xyz,FS(=O)(=O)C([H])(c1c([H])c([H])c([H])c([H])c1[H])C([H])([H])C([H])([H])C([H])([H])[H],165518114
134,Mol_183,Mol_183.xyz,FS(=O)(=O)c1c([H])c([H])c(C(=O)O[H])c([H])c1[N+](=O)[O-],165460461
135,Mol_184,Mol_184.xyz,FS(=O)(=O)c1c(Br)nn(C([H])([H])[H])c1C([H])([H])[H],165605146
136,Mol_185,Mol_185.xyz,FS(=O)(=O)c1c([H])c([H])c([H])c(C([H])(SC2=NC([H])([H])C([H])([H])S2)C([H])([H])[H])c1[H],166431206
137,Mol_186,Mol_186.xyz,FS(=O)(=O)C([H])([H])C([H])([H])C([H])([H])OC(=O)N([H])C([H])([H])c1c([H])c([H])c(C([H])([H])[H])c([H])c1[H],166431201
138,Mol_188,Mol_188.xyz,FS(=O)(=O)C([H])([H])C([H])([H])C([H])([H])OC(=O)N([H])C([H])([H])c1sc([H])nc1C([H])([H])[H],166431199
139,Mol_190,Mol_190.xyz,FS(=O)(=O)c1c([H])c([H])c([H])c(N([H])S(=O)(=O)c2c([H])c(C(=O)O[H])n([H])c2[H])c1[H],166404691
140,Mol_194,Mol_194.xyz,FS(=O)(=O)C([H])([H])c1c([H])c([H])c2c(c1[H])C([H])([H])C([H])([H])O2,165501856
141,Mol_195,Mol_195.xyz,FS(=O)(=O)C1([H])C([H])([H])c2c([H])c([H])c([H])c([H])c2C1([H])[H],165459281
142,Mol_196,Mol_196.xyz,FS(=O)(=O)C1([H])c2c([H])c([H])c([H])c([H])c2C([H])([H])C([H])([H])C1([H])[H],165607452
143,Mol_199,Mol_199.xyz,FS(=O)(=O)c1c([H])c(Br)c(O[H])c(Br)c1[H],165868757
144,Mol_200,Mol_200.xyz,FS(=O)(=O)c1c([H])sc(S(=O)(=O)N2C([H])([H])C([H])([H])C([H])([H])C([H])(O[H])C([H])([H])C2([H])[H])c1[H],167748363
145,Mol_202,Mol_202.xyz,FS(=O)(=O)c1nc(N([H])C(=O)OC(C([H])([H])[H])(C([H])([H])[H])C([H])([H])[H])c([H])c([H])c1[H],165761161
146,Mol_204,Mol_204.xyz,FS(=O)(=O)C([H])([H])C([H])([H])Oc1c([H])c([H])c([H])c2c1OC([H])([H])C2([H])[H],165665704
147,Mol_205,Mol_205.xyz,FS(=O)(=O)c1c([H])nc(N([H])C(=O)OC(C([H])([H])[H])(C([H])([H])[H])C([H])([H])[H])c([H])c1[H],165988703
148,Mol_206,Mol_206.xyz,FS(=O)(=O)c1c([H])c(C(=O)O[H])c(OC([H])([H])[H])c([H])c1C([H])([H])[H],165759874
149,Mol_207,Mol_207.xyz,FS(=O)(=O)C([H])([H])C([H])([H])Oc1c([H])c([H])c2c(c1[H])OC([H])([H])C2([H])[H],165495452
150,Mol_208,Mol_208.xyz,FS(=O)(=O)c1c([H])c([H])c(-c2c([H])c([H])c([H])c([H])c2[H])c([H])c1[H],82291555
151,Mol_209,Mol_209.xyz,FS(=O)(=O)C([H])([H])C([H])([H])Oc1c([H])c([H])c([H])c([H])c1[H],165870133
152,Mol_210,Mol_210.xyz,C1=C(C=C(C=C1OCCS(=O)(=O)F)Cl)C#N,165665703
153,Mol_211,Mol_211.xyz,FS(=O)(=O)c1oc(C(=O)O[H])c([H])c1[H],165870651
154,Mol_212,Mol_212.xyz,FS(=O)(=O)c1c([H])c(C(=O)O[H])c([H])c(Cl)c1O[H],165897351
155,Mol_215,Mol_215.xyz,FS(=O)(=O)C([H])([H])C([H])([H])C([H])([H])N([H])C(=O)C1=C([H])c2c([H])c(Br)c([H])c([H])c2OC1([H])[H],166410177
156,Mol_217,Mol_217.xyz,FS(=O)(=O)c1c([H])c(C(=O)N([H])C([H])([H])c2sc(C([H])([H])[H])c([H])c2Br)n([H])c1[H],166409033
157,Mol_219,Mol_219.xyz,FS(=O)(=O)c1c([H])c(C(=O)N([H])c2c([H])c([H])c([H])c(-c3nn([H])nc3[H])c2[H])n([H])c1[H],166407099
158,Mol_220,Mol_220.xyz,FS(=O)(=O)c1c([H])c(C(=O)N([H])C2=C([H])n3nc(C([H])([H])[H])nc3C([H])=C2[H])n([H])c1[H],166407097
159,Mol_221,Mol_221.xyz,FS(=O)(=O)c1c([H])c([H])c([H])c(S(=O)(=O)N([H])c2nc3c([H])c([H])c([N+](=O)[O-])c([H])c3s2)c1[H],167752864
160,Mol_223,Mol_223.xyz,FS(=O)(=O)c1sc(Cl)c(N([H])[H])c1[H],165562963
161,Mol_224,Mol_224.xyz,FS(=O)(=O)c1nc([H])c(C([H])([H])[H])nc1[H],154703637
162,Mol_225,Mol_225.xyz,FS(=O)(=O)c1c([H])c([H])c(C([H])([H])[H])c(N([H])[H])c1[H],427537
163,Mol_226,Mol_226.xyz,FS(=O)(=O)C([H])([H])C([H])([H])Oc1c([H])c([H])c([H])c([H])c1[N+](=O)[O-],165989376
164,Mol_228,Mol_228.xyz,FS(=O)(=O)c1c([H])c([H])c(C(=O)OC([H])([H])c2c([H])c([H])c([H])c([H])c2[H])c([H])c1[H],165921445
165,Mol_229,Mol_229.xyz,FS(=O)(=O)c1c([H])c([H])c(S(=O)(=O)N2C([H])([H])C([H])([H])OC([H])([H])C2([H])[H])c([H])c1[H],114791165
166,Mol_231,Mol_231.xyz,FS(=O)(=O)c1c([H])c([H])c([H])c(N([H])C([H])([H])[H])c1[H],139925950
167,Mol_232,Mol_232.xyz,FS(=O)(=O)c1sc(N([H])C(=O)C([H])([H])c2nc(C([H])([H])C([H])([H])[H])sc2[H])nc1[H],166407541
168,Mol_240,Mol_240.xyz,FS(=O)(=O)c1c([H])c([H])c(N([H])C(=O)c2oc3c([H])c([H])c(Br)c([H])c3c2[H])c([H])c1[H],166407196
169,Mol_241,Mol_241.xyz,FS(=O)(=O)c1c([H])c([H])c([H])c(S(=O)(=O)N([H])C([H])([H])c2noc(C([H])([H])[H])n2)c1[H],166407091
170,Mol_243,Mol_243.xyz,FS(=O)(=O)c1c([H])c([H])c([H])c(S(=O)(=O)N([H])c2c([H])c([H])c([N+](=O)[O-])c(Cl)c2[H])c1[H],166405974
171,Mol_248,Mol_248.xyz,FS(=O)(=O)c1c([H])c([H])c([H])c(N([H])C(=O)[C@]2([H])C([H])([H])[C@@]2([H])[N+](=O)[O-])c1[H],166405792
172,Mol_249,Mol_249.xyz,FS(=O)(=O)c1c([H])c([H])c([H])c(S(=O)(=O)N([H])c2c([H])c([H])c(Br)c([H])c2C([H])([H])[H])c1[H],166405495
173,Mol_251,Mol_251.xyz,FS(=O)(=O)c1c([H])c([H])c([H])c(N([H])C(=O)c2nn([H])c3c([H])c([H])c([N+](=O)[O-])c([H])c23)c1[H],166405148
174,Mol_254,Mol_254.xyz,FS(=O)(=O)C1(P(=O)(OC([H])([H])C([H])([H])[H])OC([H])([H])C([H])([H])[H])C([H])([H])C1([H])[H],165998879
175,Mol_256,Mol_256.xyz,FS(=O)(=O)c1c([H])sc(S(=O)(=O)N2C([H])([H])C([H])([H])[C@@]3([H])[C@]([H])(O[H])C([H])([H])[C@@]23[H])c1[H],167809943
176,Mol_260,Mol_260.xyz,FS(=O)(=O)c1sc(N([H])C(=O)C2([H])C([H])([H])N(C(=O)C([H])([H])C([H])([H])[H])C([H])([H])C2([H])[H])nc1[H],166407542
177,Mol_261,Mol_261.xyz,C#CC1(CCC1)CNS(=O)(=O)C2=CC(=CS2)S(=O)(=O)F,166415975
178,Mol_277,Mol_277.xyz,FS(=O)(=O)c1c([H])c([H])c(C(=O)N([H])C2([H])C([H])([H])C([H])([H])SC2([H])C([H])([H])[H])c(Cl)c1[H],166408579
179,Mol_278,Mol_278.xyz,FS(=O)(=O)c1c([H])c([H])c(C(=O)N([H])C([H])([H])c2nnc(C([H])([H])C([H])([H])[H])s2)c(Cl)c1[H],166408576
180,Mol_279,Mol_279.xyz,FS(=O)(=O)c1sc(N([H])C(=O)C2([H])C([H])([H])C2([H])[H])nc1[H],165452655
181,Mol_287,Mol_287.xyz,FS(=O)(=O)C([H])([H])C([H])([H])C([H])([H])N([H])C(=O)c1c([H])nc(C(=O)N([H])C([H])([H])[H])c([H])c1[H],167852988
182,Mol_310,Mol_310.xyz,C#CC1(CCN(C1)S(=O)(=O)C2=CC(=CC=C2)S(=O)(=O)F)O,167907954
183,Mol_311,Mol_311.xyz,FS(=O)(=O)c1c([H])c([H])c(O[H])c(Br)c1[H],165885839
184,Mol_316,Mol_316.xyz,FS(=O)(=O)C([H])([H])C([H])([H])N([H])C(=O)C1([H])C([H])([H])C1([H])[H],166409042
185,Mol_320,Mol_320.xyz,FS(=O)(=O)c1c([H])c2c(c([H])c1Br)OC([H])([H])C([H])([H])C([H])([H])O2,165452830
186,Mol_325,Mol_325.xyz,FS(=O)(=O)c1c([H])c(C(=O)N([H])c2c([H])nn([H])c2[H])n([H])c1[H],167963452
187,Mol_329,Mol_329.xyz,FS(=O)(=O)c1nc2c([H])c([H])c([H])c([H])c2n1[H],125454474
188,Mol_333,Mol_333.xyz,FS(=O)(=O)c1c([H])n(C([H])([H])[H])c2c([H])c([H])c([H])c(Br)c12,165688887
189,Mol_337,Mol_337.xyz,FS(=O)(=O)c1c([H])n(C([H])([H])[H])c2c([H])c(Br)c([H])c([H])c12,165840405
190,Mol_339,Mol_339.xyz,FS(=O)(=O)C([H])([H])C([H])([H])N([H])C(=O)c1noc(C([H])([H])N(C([H])([H])[H])C([H])([H])[H])c1[H],166409043
191,Mol_340,Mol_340.xyz,FS(=O)(=O)c1c([H])nc([H])c(C([H])([H])[H])c1[H],139593198
192,Mol_345,Mol_345.xyz,FS(=O)(=O)c1c([H])c([H])c([H])c(C(=O)OC([H])([H])[H])c1[H],257589
193,Mol_347,Mol_347.xyz,FS(=O)(=O)c1c(Cl)c([H])nc([H])c1Br,165797103
194,Mol_349,Mol_349.xyz,FS(=O)(=O)C1([H])C([H])([H])N(c2c([H])nc([N+](=O)[O-])c(Br)c2[H])C([H])([H])C1([H])[H],166417125
195,Mol_350,Mol_350.xyz,FS(=O)(=O)C([H])([H])C([H])([H])C([H])([H])N([H])C(=O)c1c([H])c([N+](=O)[O-])c([H])c(Cl)c1Cl,166410179
196,Mol_351,Mol_351.xyz,C#CC1=CC(=CC=C1)S(=O)(=O)F,145421196
197,Mol_353,Mol_353.xyz,FS(=O)(=O)c1c([H])c(Cl)c(O[H])c(Cl)c1[H],304005
198,Mol_355,Mol_355.xyz,[H]Cl.[H]N1C([H])([H])C([H])([H])C([H])([H])C([H])(C([H])([H])S(=O)(=O)F)C([H])([H])C1([H])[H],165739381
199,Mol_356,Mol_356.xyz,FS(=O)(=O)c1c([H])c([H])c(S(=O)(=O)N([H])c2nonc2C([H])([H])C([H])([H])[H])c([H])c1[H],167908593
200,Mol_357,Mol_357.xyz,FS(=O)(=O)C([H])([H])C([H])([H])C([H])([H])N([H])C(=O)C([H])([H])Sc1c([H])c([H])c([H])c([H])c1Cl,166409058
201,Mol_364,Mol_364.xyz,FS(=O)(=O)c1c([H])c(C(=O)N([H])C([H])([H])C([H])(O[H])C([H])([H])C([H])([H])C([H])([H])[H])n([H])c1[H],166407217
202,Mol_367,Mol_367.xyz,FS(=O)(=O)c1c([H])c(C(=O)N([H])N([H])C(=O)c2c(C([H])([H])[H])nn([H])c2[H])n([H])c1[H],167938191
203,Mol_375,Mol_375.xyz,FS(=O)(=O)c1c([H])c([H])c(S(=O)(=O)N([H])[C@]([H])(C(=O)N([H])C([H])([H])[H])C([H])([H])[H])c([H])c1[H],166407098
204,Mol_387,Mol_387.xyz,FS(=O)(=O)c1c([H])c([H])c(S(=O)(=O)N([H])C([H])(C([H])([H])[H])C([H])([H])C([H])([H])C([H])([H])[H])c([H])c1[H],114958143
205,Mol_391,Mol_391.xyz,FS(=O)(=O)C([H])([H])C([H])([H])C([H])([H])N([H])C(=O)C([H])([H])n1nnc(C([H])([H])[H])n1,166410180
206,Mol_393,Mol_393.xyz,FS(=O)(=O)c1nc([H])c([H])nc1OC([H])([H])[H],131353721
207,Mol_394,Mol_394.xyz,[H]Cl.[H]c1c([H])c(S(=O)(=O)F)c([H])c([H])c1N1C([H])([H])C([H])([H])N([H])C([H])([H])C1([H])[H],165665380
208,Mol_396,Mol_396.xyz,FS(=O)(=O)C([H])([H])C([H])([H])n1nnc(-c2c([H])nc(C([H])([H])[H])nc2[H])c1[H],166418590
209,Mol_397,Mol_397.xyz,FS(=O)(=O)C([H])([H])[C@]1([H])C([H])([H])C([H])([H])[C@]([H])(N([H])C(=O)C([H])([H])n2nnc([H])n2)C1([H])[H],166410171
210,Mol_399,Mol_399.xyz,FS(=O)(=O)C([H])([H])C([H])([H])C([H])([H])N([H])C(=O)c1sc(-c2nc([H])c([H])c([H])c2[H])nc1[H],167748316
211,Mol_404,Mol_404.xyz,FS(=O)(=O)c1c([H])c(C(=O)N([H])C([H])([H])c2onc(Br)c2[H])n([H])c1[H],166409036
212,Mol_410,Mol_410.xyz,FS(=O)(=O)c1c([H])c([H])c([H])c(S(=O)(=O)N([H])N([H])C(=O)c2c([H])c([H])c([H])c(Br)c2[H])c1[H],166405497
213,Mol_412,Mol_412.xyz,FS(=O)(=O)c1c([H])c([H])c(N([H])C(=O)C2([H])Oc3c([H])c([H])c(Br)c([H])c3C2([H])[H])c([H])c1[H],166405153
214,Mol_414,Mol_414.xyz,FS(=O)(=O)c1c([H])c([H])c([H])c(N([H])S(=O)(=O)c2sc(C([H])([H])[H])nc2[H])c1[H],166404690
215,Mol_416,Mol_416.xyz,FS(=O)(=O)c1c([H])c([H])c(C([H])([H])C([H])([H])[H])c(N([H])[H])c1[H],86190738
216,Mol_417,Mol_417.xyz,FS(=O)(=O)c1nc([H])c(C(C([H])([H])[H])(C([H])([H])[H])C([H])([H])[H])nc1[H],165531762
217,Mol_418,Mol_418.xyz,FS(=O)(=O)c1nnc(C([H])(C([H])([H])[H])C([H])([H])[H])c([H])c1[H],165691184
218,Mol_420,Mol_420.xyz,[H]Cl.[H]N1C([H])([H])C([H])([H])O[C@@]([H])(C([H])([H])S(=O)(=O)F)C1([H])[H],162342411
219,Mol_421,Mol_421.xyz,FS(=O)(=O)C([H])([H])C1([H])OC([H])([H])C([H])([H])C1([H])[H],122236584
220,Mol_422,Mol_422.xyz,FS(=O)(=O)c1c([H])c(C(=O)O[H])c(O[H])c([H])c1Cl,165663400
221,Mol_423,Mol_423.xyz,FS(=O)(=O)C1([H])C([H])([H])N(C(=O)OC(C([H])([H])[H])(C([H])([H])[H])C([H])([H])[H])C([H])([H])C1([H])O[H],165944597
222,Mol_424,Mol_424.xyz,FS(=O)(=O)c1c([H])nc2n1C([H])=C([H])C([H])=N2,165942704
223,Mol_426,Mol_426.xyz,FS(=O)(=O)C([H])([H])[C@]1([H])C([H])([H])[C@]2([H])C([H])([H])C([H])([H])C([H])([H])C([H])([H])[C@@]21[H],137942838
224,Mol_427,Mol_427.xyz,FS(=O)(=O)C([H])([H])c1c([H])c([H])c(C(=O)O[H])c([H])c1[H],165460598
225,Mol_429,Mol_429.xyz,FS(=O)(=O)C([H])([H])c1c([H])c([H])c(Br)c([H])c1[H],18958405
226,Mol_431,Mol_431.xyz,[H]Cl.[H]N1C([H])([H])C([H])([H])O[C@]([H])(C([H])([H])S(=O)(=O)F)C1([H])[H],162342410
227,Mol_432,Mol_432.xyz,FS(=O)(=O)c1c([H])c(C(=O)O[H])c([H])c([H])c1C([H])([H])C([H])([H])[H],122236187
228,Mol_433,Mol_433.xyz,FS(=O)(=O)c1c([H])c(C(=O)O[H])c([H])c(C([H])([H])[H])c1C([H])([H])[H],122236113
229,Mol_434,Mol_434.xyz,FS(=O)(=O)c1c([H])c(C(=O)O[H])c([H])c([H])c1OC([H])([H])[H],309902
230,Mol_435,Mol_435.xyz,FS(=O)(=O)c1c(OC([H])([H])[H])nc(Br)c([H])c1[H],165947243
231,Mol_438,Mol_438.xyz,FS(=O)(=O)c1c([H])c(C(=O)O[H])c([H])c([H])c1Br,122236182
232,Mol_439,Mol_439.xyz,FS(=O)(=O)c1c([H])c(Br)c([H])c(O[H])c1[H],165606170
233,Mol_440,Mol_440.xyz,FS(=O)(=O)c1c([H])c([H])c(C(=O)O[H])c([H])c1Br,122236026
234,Mol_441,Mol_441.xyz,C1=CC=C(C(=C1)C#N)S(=O)(=O)F,19915317
235,Mol_443,Mol_443.xyz,FS(=O)(=O)c1c([H])c(C([H])([H])[H])c(Br)c([H])c1OC([H])([H])[H],165908502
236,Mol_445,Mol_445.xyz,FS(=O)(=O)c1c([H])c([H])c(C([H])([H])C([H])([H])[H])c([N+](=O)[O-])c1[H],165869282
237,Mol_446,Mol_446.xyz,[H]Cl.[H]N1C([H])([H])C([H])([H])C([H])([H])[C@]([H])(C([H])([H])S(=O)(=O)F)C1([H])[H],165941166
238,Mol_447,Mol_447.xyz,FS(=O)(=O)c1c([H])c(Cl)c([H])c(Cl)c1O[H],99202
239,Mol_448,Mol_448.xyz,FS(=O)(=O)c1nc([H])c([H])nc1C(=O)OC([H])([H])[H],155821537
240,Mol_449,Mol_449.xyz,FS(=O)(=O)c1c([H])c([H])c(S(=O)(=O)N([H])c2c(O[H])nc([H])c([H])c2[H])c([H])c1[H],132345933
241,Mol_452,Mol_452.xyz,FS(=O)(=O)c1c([H])c([H])c([H])c(C([H])([H])Sc2nnc([H])n2C([H])(C([H])([H])[H])C([H])([H])[H])c1[H],154880349
242,Mol_453,Mol_453.xyz,FS(=O)(=O)c1nc([H])c([H])c([H])c1C(=O)N(C([H])([H])[H])C([H])([H])[H],139015622
243,Mol_454,Mol_454.xyz,CN1C(=C(N=C1S(=O)(=O)F)Cl)C#N,137945224
244,Mol_455,Mol_455.xyz,FS(=O)(=O)c1oc(-c2c([H])c([H])c([H])c([H])c2[H])nc1[H],138991334
245,Mol_456,Mol_456.xyz,FS(=O)(=O)c1c([H])c([H])nn1C([H])([H])C([H])([H])c1c([H])c([H])c([H])c([H])c1[H],154832110
246,Mol_457,Mol_457.xyz,FS(=O)(=O)c1sc(C([H])([H])C(=O)N([H])[H])c([H])c1[H],154832135
247,Mol_458,Mol_458.xyz,FS(=O)(=O)c1c([H])nn(C2([H])C([H])([H])OC([H])([H])C2([H])[H])c1[H],154832131
248,Mol_459,Mol_459.xyz,FS(=O)(=O)c1c([H])c(Br)c([H])c2c([H])c([H])c([H])nc12,139022368
249,Mol_460,Mol_460.xyz,FS(=O)(=O)c1c([H])c([H])c2oc(C([H])([H])C([H])([H])[H])nc2c1[H],146075347
250,Mol_461,Mol_461.xyz,FS(=O)(=O)c1c([H])c([H])c(-n2nnnc2[H])c(C([H])([H])[H])c1[H],154832158
251,Mol_462,Mol_462.xyz,FS(=O)(=O)C([H])([H])C([H])([H])N1N=C2C(=C([H])C1=O)C([H])([H])C([H])([H])C([H])([H])C2([H])[H],138056650
252,Mol_466,Mol_466.xyz,FS(=O)(=O)c1c([H])c([H])c(S(=O)(=O)N([H])c2c(Br)nc([H])c([H])c2[H])c([H])c1[H],126819825
253,Mol_470,Mol_470.xyz,FS(=O)(=O)c1c([H])c(Cl)c([H])c([H])c1Br,122236047
254,Mol_471,Mol_471.xyz,FS(=O)(=O)c1sc(-c2nc(C([H])([H])[H])sc2[H])c([H])c1[H],122236206
255,Mol_472,Mol_472.xyz,FS(=O)(=O)c1c([H])c([H])c([H])c([H])c1O[H],12553491
256,Mol_473,Mol_473.xyz,FS(=O)(=O)c1c([H])c([H])c([H])n1C([H])([H])[H],121552267
257,Mol_474,Mol_474.xyz,FS(=O)(=O)c1c([H])c([H])c([H])c(O[H])c1[H],130057613
258,Mol_475,Mol_475.xyz,FS(=O)(=O)c1c([H])c([H])c([H])c([H])c1C([H])([H])[H],292589
259,Mol_476,Mol_476.xyz,FS(=O)(=O)C([H])([H])C([H])([H])C([H])([H])Oc1c([H])c([H])c(OC([H])([H])[H])c([H])c1[H],137949135
260,Mol_478,Mol_478.xyz,FS(=O)(=O)c1c([H])c([H])c(S(=O)(=O)N([H])c2nc([H])c([H])c([H])n2)c([H])c1[H],126819586
261,Mol_479,Mol_479.xyz,FS(=O)(=O)c1c([H])nc2onc(C3([H])C([H])([H])C([H])([H])OC([H])([H])C3([H])[H])c2c1[H],154832144
262,Mol_482,Mol_482.xyz,FS(=O)(=O)C([H])([H])C([H])([H])N1C(=O)c2c(sc(C([H])([H])C([H])([H])[H])c2[H])N=C1[H],132313673
263,Mol_483,Mol_483.xyz,FS(=O)(=O)c1c([H])c(C(=O)N([H])C([H])([H])[H])c([H])c(Cl)c1C([H])([H])[H],165620430
264,Mol_484,Mol_484.xyz,FS(=O)(=O)C([H])([H])c1c([H])c([H])c([H])c([N+](=O)[O-])c1[H],91715496
265,Mol_485,Mol_485.xyz,FS(=O)(=O)c1c([H])c(Cl)c(OC([H])([H])C(=O)N(C([H])([H])[H])C([H])([H])[H])c(Cl)c1[H],137949131
266,Mol_486,Mol_486.xyz,FS(=O)(=O)c1c([H])nc([H])c(N([H])[H])c1[H],121552291
267,Mol_489,Mol_489.xyz,FS(=O)(=O)c1c([H])c([H])c2c(c1[H])C([H])([H])C([H])([H])N2[H],155973056
